<?xml version="1.0" encoding="UTF-8"?>
<rss version="2.0" xmlns:ror="http://rorweb.com/0.1/" >
<channel>
  <title>ROR Sitemap for http://explore.mountainlegacy.ca/</title>
  <link>http://explore.mountainlegacy.ca/</link>

<item>
     <link>http://explore.mountainlegacy.ca/</link>
     <title>MLP Explore | Home</title>
     <description>MLP Explore | Home</description>
     <ror:updatePeriod></ror:updatePeriod>
     <ror:sortOrder>0</ror:sortOrder>
     <ror:resourceOf>sitemap</ror:resourceOf>
</item>
<item>
     <link>http://explore.mountainlegacy.ca/stations/3</link>
     <title>MLP Explore | Station | Stn. 420</title>
     <description>MLP Explore | Station | Stn. 420</description>
     <ror:updatePeriod></ror:updatePeriod>
     <ror:sortOrder>1</ror:sortOrder>
     <ror:resourceOf>sitemap</ror:resourceOf>
</item>
<item>
     <link>http://explore.mountainlegacy.ca/iat/sbsm.html</link>
     <title>IAT</title>
     <description>IAT</description>
     <ror:updatePeriod></ror:updatePeriod>
     <ror:sortOrder>1</ror:sortOrder>
     <ror:resourceOf>sitemap</ror:resourceOf>
</item>
<item>
     <link>http://explore.mountainlegacy.ca/surveyors/1</link>
     <title>MLP Explore | Surveyor | Morrison Parsons Bridgland</title>
     <description>MLP Explore | Surveyor | Morrison Parsons Bridgland</description>
     <ror:updatePeriod></ror:updatePeriod>
     <ror:sortOrder>2</ror:sortOrder>
     <ror:resourceOf>sitemap</ror:resourceOf>
</item>
<item>
     <link>http://explore.mountainlegacy.ca/surveys/8</link>
     <title>MLP Explore | Survey | Brazeau Forest Reserve and Jasper National Park</title>
     <description>MLP Explore | Survey | Brazeau Forest Reserve and Jasper National Park</description>
     <ror:updatePeriod></ror:updatePeriod>
     <ror:sortOrder>2</ror:sortOrder>
     <ror:resourceOf>sitemap</ror:resourceOf>
</item>
<item>
     <link>http://explore.mountainlegacy.ca/survey_seasons/2</link>
     <title>MLP Explore | Survey Season | 1927</title>
     <description>MLP Explore | Survey Season | 1927</description>
     <ror:updatePeriod></ror:updatePeriod>
     <ror:sortOrder>2</ror:sortOrder>
     <ror:resourceOf>sitemap</ror:resourceOf>
</item>
<item>
     <link>http://explore.mountainlegacy.ca/historic_captures/34</link>
     <title>MLP Explore | Historic Capture | BRI1927_B27-420-100</title>
     <description>MLP Explore | Historic Capture | BRI1927_B27-420-100</description>
     <ror:updatePeriod></ror:updatePeriod>
     <ror:sortOrder>2</ror:sortOrder>
     <ror:resourceOf>sitemap</ror:resourceOf>
</item>
<item>
     <link>http://explore.mountainlegacy.ca/historic_captures/30</link>
     <title>MLP Explore | Historic Capture | BRI1927_B27-420-101</title>
     <description>MLP Explore | Historic Capture | BRI1927_B27-420-101</description>
     <ror:updatePeriod></ror:updatePeriod>
     <ror:sortOrder>2</ror:sortOrder>
     <ror:resourceOf>sitemap</ror:resourceOf>
</item>
<item>
     <link>http://explore.mountainlegacy.ca/historic_captures/33</link>
     <title>MLP Explore | Historic Capture | BRI1927_B27-420-90</title>
     <description>MLP Explore | Historic Capture | BRI1927_B27-420-90</description>
     <ror:updatePeriod></ror:updatePeriod>
     <ror:sortOrder>2</ror:sortOrder>
     <ror:resourceOf>sitemap</ror:resourceOf>
</item>
<item>
     <link>http://explore.mountainlegacy.ca/historic_captures/26</link>
     <title>MLP Explore | Historic Capture | BRI1927_B27-420-91</title>
     <description>MLP Explore | Historic Capture | BRI1927_B27-420-91</description>
     <ror:updatePeriod></ror:updatePeriod>
     <ror:sortOrder>2</ror:sortOrder>
     <ror:resourceOf>sitemap</ror:resourceOf>
</item>
<item>
     <link>http://explore.mountainlegacy.ca/historic_captures/27</link>
     <title>MLP Explore | Historic Capture | BRI1927_B27-420-92</title>
     <description>MLP Explore | Historic Capture | BRI1927_B27-420-92</description>
     <ror:updatePeriod></ror:updatePeriod>
     <ror:sortOrder>2</ror:sortOrder>
     <ror:resourceOf>sitemap</ror:resourceOf>
</item>
<item>
     <link>http://explore.mountainlegacy.ca/historic_captures/11654</link>
     <title>MLP Explore | Historic Capture | BRI1927_B27-420-93</title>
     <description>MLP Explore | Historic Capture | BRI1927_B27-420-93</description>
     <ror:updatePeriod></ror:updatePeriod>
     <ror:sortOrder>2</ror:sortOrder>
     <ror:resourceOf>sitemap</ror:resourceOf>
</item>
<item>
     <link>http://explore.mountainlegacy.ca/historic_captures/11655</link>
     <title>MLP Explore | Historic Capture | BRI1927_B27-420-94</title>
     <description>MLP Explore | Historic Capture | BRI1927_B27-420-94</description>
     <ror:updatePeriod></ror:updatePeriod>
     <ror:sortOrder>2</ror:sortOrder>
     <ror:resourceOf>sitemap</ror:resourceOf>
</item>
<item>
     <link>http://explore.mountainlegacy.ca/historic_captures/31</link>
     <title>MLP Explore | Historic Capture | BRI1927_B27-420-95</title>
     <description>MLP Explore | Historic Capture | BRI1927_B27-420-95</description>
     <ror:updatePeriod></ror:updatePeriod>
     <ror:sortOrder>2</ror:sortOrder>
     <ror:resourceOf>sitemap</ror:resourceOf>
</item>
<item>
     <link>http://explore.mountainlegacy.ca/historic_captures/32</link>
     <title>MLP Explore | Historic Capture | BRI1927_B27-420-96</title>
     <description>MLP Explore | Historic Capture | BRI1927_B27-420-96</description>
     <ror:updatePeriod></ror:updatePeriod>
     <ror:sortOrder>2</ror:sortOrder>
     <ror:resourceOf>sitemap</ror:resourceOf>
</item>
<item>
     <link>http://explore.mountainlegacy.ca/historic_captures/11656</link>
     <title>MLP Explore | Historic Capture | BRI1927_B27-420-97</title>
     <description>MLP Explore | Historic Capture | BRI1927_B27-420-97</description>
     <ror:updatePeriod></ror:updatePeriod>
     <ror:sortOrder>2</ror:sortOrder>
     <ror:resourceOf>sitemap</ror:resourceOf>
</item>
<item>
     <link>http://explore.mountainlegacy.ca/historic_captures/28</link>
     <title>MLP Explore | Historic Capture | BRI1927_B27-420-98</title>
     <description>MLP Explore | Historic Capture | BRI1927_B27-420-98</description>
     <ror:updatePeriod></ror:updatePeriod>
     <ror:sortOrder>2</ror:sortOrder>
     <ror:resourceOf>sitemap</ror:resourceOf>
</item>
<item>
     <link>http://explore.mountainlegacy.ca/historic_captures/11657</link>
     <title>MLP Explore | Historic Capture | BRI1927_B27-420-99</title>
     <description>MLP Explore | Historic Capture | BRI1927_B27-420-99</description>
     <ror:updatePeriod></ror:updatePeriod>
     <ror:sortOrder>2</ror:sortOrder>
     <ror:resourceOf>sitemap</ror:resourceOf>
</item>
<item>
     <link>http://explore.mountainlegacy.ca/locations/1921</link>
     <title>MLP Explore | Location | Loc1</title>
     <description>MLP Explore | Location | Loc1</description>
     <ror:updatePeriod></ror:updatePeriod>
     <ror:sortOrder>2</ror:sortOrder>
     <ror:resourceOf>sitemap</ror:resourceOf>
</item>
<item>
     <link>http://explore.mountainlegacy.ca/captures/9829</link>
     <title>MLP Explore | Capture | MLP_0942</title>
     <description>MLP Explore | Capture | MLP_0942</description>
     <ror:updatePeriod></ror:updatePeriod>
     <ror:sortOrder>2</ror:sortOrder>
     <ror:resourceOf>sitemap</ror:resourceOf>
</item>
<item>
     <link>http://explore.mountainlegacy.ca/captures/9830</link>
     <title>MLP Explore | Capture | MLP_0944</title>
     <description>MLP Explore | Capture | MLP_0944</description>
     <ror:updatePeriod></ror:updatePeriod>
     <ror:sortOrder>2</ror:sortOrder>
     <ror:resourceOf>sitemap</ror:resourceOf>
</item>
<item>
     <link>http://explore.mountainlegacy.ca/captures/9831</link>
     <title>MLP Explore | Capture | MLP_0946</title>
     <description>MLP Explore | Capture | MLP_0946</description>
     <ror:updatePeriod></ror:updatePeriod>
     <ror:sortOrder>2</ror:sortOrder>
     <ror:resourceOf>sitemap</ror:resourceOf>
</item>
<item>
     <link>http://explore.mountainlegacy.ca/captures/9832</link>
     <title>MLP Explore | Capture | MLP_0948</title>
     <description>MLP Explore | Capture | MLP_0948</description>
     <ror:updatePeriod></ror:updatePeriod>
     <ror:sortOrder>2</ror:sortOrder>
     <ror:resourceOf>sitemap</ror:resourceOf>
</item>
<item>
     <link>http://explore.mountainlegacy.ca/captures/9833</link>
     <title>MLP Explore | Capture | MLP_0950</title>
     <description>MLP Explore | Capture | MLP_0950</description>
     <ror:updatePeriod></ror:updatePeriod>
     <ror:sortOrder>2</ror:sortOrder>
     <ror:resourceOf>sitemap</ror:resourceOf>
</item>
<item>
     <link>http://explore.mountainlegacy.ca/captures/9834</link>
     <title>MLP Explore | Capture | MLP_0952</title>
     <description>MLP Explore | Capture | MLP_0952</description>
     <ror:updatePeriod></ror:updatePeriod>
     <ror:sortOrder>2</ror:sortOrder>
     <ror:resourceOf>sitemap</ror:resourceOf>
</item>
<item>
     <link>http://explore.mountainlegacy.ca/captures/9835</link>
     <title>MLP Explore | Capture | MLP_0954</title>
     <description>MLP Explore | Capture | MLP_0954</description>
     <ror:updatePeriod></ror:updatePeriod>
     <ror:sortOrder>2</ror:sortOrder>
     <ror:resourceOf>sitemap</ror:resourceOf>
</item>
<item>
     <link>http://explore.mountainlegacy.ca/captures/9836</link>
     <title>MLP Explore | Capture | MLP_0956</title>
     <description>MLP Explore | Capture | MLP_0956</description>
     <ror:updatePeriod></ror:updatePeriod>
     <ror:sortOrder>2</ror:sortOrder>
     <ror:resourceOf>sitemap</ror:resourceOf>
</item>
<item>
     <link>http://explore.mountainlegacy.ca/captures/9837</link>
     <title>MLP Explore | Capture | MLP_0958</title>
     <description>MLP Explore | Capture | MLP_0958</description>
     <ror:updatePeriod></ror:updatePeriod>
     <ror:sortOrder>2</ror:sortOrder>
     <ror:resourceOf>sitemap</ror:resourceOf>
</item>
<item>
     <link>http://explore.mountainlegacy.ca/locations/1922</link>
     <title>MLP Explore | Location | Loc2</title>
     <description>MLP Explore | Location | Loc2</description>
     <ror:updatePeriod></ror:updatePeriod>
     <ror:sortOrder>2</ror:sortOrder>
     <ror:resourceOf>sitemap</ror:resourceOf>
</item>
<item>
     <link>http://explore.mountainlegacy.ca/captures/9838</link>
     <title>MLP Explore | Capture | MLP_0960</title>
     <description>MLP Explore | Capture | MLP_0960</description>
     <ror:updatePeriod></ror:updatePeriod>
     <ror:sortOrder>2</ror:sortOrder>
     <ror:resourceOf>sitemap</ror:resourceOf>
</item>
<item>
     <link>http://explore.mountainlegacy.ca/captures/9839</link>
     <title>MLP Explore | Capture | MLP_0962</title>
     <description>MLP Explore | Capture | MLP_0962</description>
     <ror:updatePeriod></ror:updatePeriod>
     <ror:sortOrder>2</ror:sortOrder>
     <ror:resourceOf>sitemap</ror:resourceOf>
</item>
<item>
     <link>http://explore.mountainlegacy.ca/captures/9840</link>
     <title>MLP Explore | Capture | MLP_0963</title>
     <description>MLP Explore | Capture | MLP_0963</description>
     <ror:updatePeriod></ror:updatePeriod>
     <ror:sortOrder>2</ror:sortOrder>
     <ror:resourceOf>sitemap</ror:resourceOf>
</item>
<item>
     <link>http://explore.mountainlegacy.ca/captures/9838/comparisons</link>
     <title>MLP Explore | Capture | MLP_0960</title>
     <description>MLP Explore | Capture | MLP_0960</description>
     <ror:updatePeriod></ror:updatePeriod>
     <ror:sortOrder>2</ror:sortOrder>
     <ror:resourceOf>sitemap</ror:resourceOf>
</item>
<item>
     <link>http://explore.mountainlegacy.ca/captures/9829/comparisons</link>
     <title>MLP Explore | Capture | MLP_0942</title>
     <description>MLP Explore | Capture | MLP_0942</description>
     <ror:updatePeriod></ror:updatePeriod>
     <ror:sortOrder>2</ror:sortOrder>
     <ror:resourceOf>sitemap</ror:resourceOf>
</item>
<item>
     <link>http://explore.mountainlegacy.ca/captures/9830/comparisons</link>
     <title>MLP Explore | Capture | MLP_0944</title>
     <description>MLP Explore | Capture | MLP_0944</description>
     <ror:updatePeriod></ror:updatePeriod>
     <ror:sortOrder>2</ror:sortOrder>
     <ror:resourceOf>sitemap</ror:resourceOf>
</item>
<item>
     <link>http://explore.mountainlegacy.ca/captures/9835/comparisons</link>
     <title>MLP Explore | Capture | MLP_0954</title>
     <description>MLP Explore | Capture | MLP_0954</description>
     <ror:updatePeriod></ror:updatePeriod>
     <ror:sortOrder>2</ror:sortOrder>
     <ror:resourceOf>sitemap</ror:resourceOf>
</item>
<item>
     <link>http://explore.mountainlegacy.ca/captures/9833/comparisons</link>
     <title>MLP Explore | Capture | MLP_0950</title>
     <description>MLP Explore | Capture | MLP_0950</description>
     <ror:updatePeriod></ror:updatePeriod>
     <ror:sortOrder>2</ror:sortOrder>
     <ror:resourceOf>sitemap</ror:resourceOf>
</item>
<item>
     <link>http://explore.mountainlegacy.ca/captures/9834/comparisons</link>
     <title>MLP Explore | Capture | MLP_0952</title>
     <description>MLP Explore | Capture | MLP_0952</description>
     <ror:updatePeriod></ror:updatePeriod>
     <ror:sortOrder>2</ror:sortOrder>
     <ror:resourceOf>sitemap</ror:resourceOf>
</item>
<item>
     <link>http://explore.mountainlegacy.ca/captures/9831/comparisons</link>
     <title>MLP Explore | Capture | MLP_0946</title>
     <description>MLP Explore | Capture | MLP_0946</description>
     <ror:updatePeriod></ror:updatePeriod>
     <ror:sortOrder>2</ror:sortOrder>
     <ror:resourceOf>sitemap</ror:resourceOf>
</item>
<item>
     <link>http://explore.mountainlegacy.ca/captures/9837/comparisons</link>
     <title>MLP Explore | Capture | MLP_0958</title>
     <description>MLP Explore | Capture | MLP_0958</description>
     <ror:updatePeriod></ror:updatePeriod>
     <ror:sortOrder>2</ror:sortOrder>
     <ror:resourceOf>sitemap</ror:resourceOf>
</item>
<item>
     <link>http://explore.mountainlegacy.ca/captures/9836/comparisons</link>
     <title>MLP Explore | Capture | MLP_0956</title>
     <description>MLP Explore | Capture | MLP_0956</description>
     <ror:updatePeriod></ror:updatePeriod>
     <ror:sortOrder>2</ror:sortOrder>
     <ror:resourceOf>sitemap</ror:resourceOf>
</item>
<item>
     <link>http://explore.mountainlegacy.ca/captures/9832/comparisons</link>
     <title>MLP Explore | Capture | MLP_0948</title>
     <description>MLP Explore | Capture | MLP_0948</description>
     <ror:updatePeriod></ror:updatePeriod>
     <ror:sortOrder>2</ror:sortOrder>
     <ror:resourceOf>sitemap</ror:resourceOf>
</item>
<item>
     <link>http://explore.mountainlegacy.ca/captures/9839/comparisons</link>
     <title>MLP Explore | Capture | MLP_0962</title>
     <description>MLP Explore | Capture | MLP_0962</description>
     <ror:updatePeriod></ror:updatePeriod>
     <ror:sortOrder>2</ror:sortOrder>
     <ror:resourceOf>sitemap</ror:resourceOf>
</item>
<item>
     <link>http://explore.mountainlegacy.ca/captures/9840/comparisons</link>
     <title>MLP Explore | Capture | MLP_0963</title>
     <description>MLP Explore | Capture | MLP_0963</description>
     <ror:updatePeriod></ror:updatePeriod>
     <ror:sortOrder>2</ror:sortOrder>
     <ror:resourceOf>sitemap</ror:resourceOf>
</item>
<item>
     <link>http://explore.mountainlegacy.ca/locations/1213</link>
     <title>MLP Explore | Location | Loc1</title>
     <description>MLP Explore | Location | Loc1</description>
     <ror:updatePeriod></ror:updatePeriod>
     <ror:sortOrder>2</ror:sortOrder>
     <ror:resourceOf>sitemap</ror:resourceOf>
</item>
<item>
     <link>http://explore.mountainlegacy.ca/captures/18</link>
     <title>MLP Explore | Capture | B0002286</title>
     <description>MLP Explore | Capture | B0002286</description>
     <ror:updatePeriod></ror:updatePeriod>
     <ror:sortOrder>2</ror:sortOrder>
     <ror:resourceOf>sitemap</ror:resourceOf>
</item>
<item>
     <link>http://explore.mountainlegacy.ca/captures/59</link>
     <title>MLP Explore | Capture | B0002287</title>
     <description>MLP Explore | Capture | B0002287</description>
     <ror:updatePeriod></ror:updatePeriod>
     <ror:sortOrder>2</ror:sortOrder>
     <ror:resourceOf>sitemap</ror:resourceOf>
</item>
<item>
     <link>http://explore.mountainlegacy.ca/captures/20</link>
     <title>MLP Explore | Capture | B0002289</title>
     <description>MLP Explore | Capture | B0002289</description>
     <ror:updatePeriod></ror:updatePeriod>
     <ror:sortOrder>2</ror:sortOrder>
     <ror:resourceOf>sitemap</ror:resourceOf>
</item>
<item>
     <link>http://explore.mountainlegacy.ca/captures/36</link>
     <title>MLP Explore | Capture | B0002291</title>
     <description>MLP Explore | Capture | B0002291</description>
     <ror:updatePeriod></ror:updatePeriod>
     <ror:sortOrder>2</ror:sortOrder>
     <ror:resourceOf>sitemap</ror:resourceOf>
</item>
<item>
     <link>http://explore.mountainlegacy.ca/captures/24</link>
     <title>MLP Explore | Capture | B0002292</title>
     <description>MLP Explore | Capture | B0002292</description>
     <ror:updatePeriod></ror:updatePeriod>
     <ror:sortOrder>2</ror:sortOrder>
     <ror:resourceOf>sitemap</ror:resourceOf>
</item>
<item>
     <link>http://explore.mountainlegacy.ca/captures/58</link>
     <title>MLP Explore | Capture | B0002294</title>
     <description>MLP Explore | Capture | B0002294</description>
     <ror:updatePeriod></ror:updatePeriod>
     <ror:sortOrder>2</ror:sortOrder>
     <ror:resourceOf>sitemap</ror:resourceOf>
</item>
<item>
     <link>http://explore.mountainlegacy.ca/captures/34</link>
     <title>MLP Explore | Capture | B0002295</title>
     <description>MLP Explore | Capture | B0002295</description>
     <ror:updatePeriod></ror:updatePeriod>
     <ror:sortOrder>2</ror:sortOrder>
     <ror:resourceOf>sitemap</ror:resourceOf>
</item>
<item>
     <link>http://explore.mountainlegacy.ca/captures/30</link>
     <title>MLP Explore | Capture | B0002296</title>
     <description>MLP Explore | Capture | B0002296</description>
     <ror:updatePeriod></ror:updatePeriod>
     <ror:sortOrder>2</ror:sortOrder>
     <ror:resourceOf>sitemap</ror:resourceOf>
</item>
<item>
     <link>http://explore.mountainlegacy.ca/captures/32</link>
     <title>MLP Explore | Capture | B0002299</title>
     <description>MLP Explore | Capture | B0002299</description>
     <ror:updatePeriod></ror:updatePeriod>
     <ror:sortOrder>2</ror:sortOrder>
     <ror:resourceOf>sitemap</ror:resourceOf>
</item>
<item>
     <link>http://explore.mountainlegacy.ca/captures/22</link>
     <title>MLP Explore | Capture | B0002300</title>
     <description>MLP Explore | Capture | B0002300</description>
     <ror:updatePeriod></ror:updatePeriod>
     <ror:sortOrder>2</ror:sortOrder>
     <ror:resourceOf>sitemap</ror:resourceOf>
</item>
<item>
     <link>http://explore.mountainlegacy.ca/captures/26</link>
     <title>MLP Explore | Capture | B0002301</title>
     <description>MLP Explore | Capture | B0002301</description>
     <ror:updatePeriod></ror:updatePeriod>
     <ror:sortOrder>2</ror:sortOrder>
     <ror:resourceOf>sitemap</ror:resourceOf>
</item>
<item>
     <link>http://explore.mountainlegacy.ca/captures/28</link>
     <title>MLP Explore | Capture | B0002304</title>
     <description>MLP Explore | Capture | B0002304</description>
     <ror:updatePeriod></ror:updatePeriod>
     <ror:sortOrder>2</ror:sortOrder>
     <ror:resourceOf>sitemap</ror:resourceOf>
</item>
<item>
     <link>http://explore.mountainlegacy.ca/captures/20/comparisons</link>
     <title>MLP Explore | Capture | B0002289</title>
     <description>MLP Explore | Capture | B0002289</description>
     <ror:updatePeriod></ror:updatePeriod>
     <ror:sortOrder>2</ror:sortOrder>
     <ror:resourceOf>sitemap</ror:resourceOf>
</item>
<item>
     <link>http://explore.mountainlegacy.ca/captures/28/comparisons</link>
     <title>MLP Explore | Capture | B0002304</title>
     <description>MLP Explore | Capture | B0002304</description>
     <ror:updatePeriod></ror:updatePeriod>
     <ror:sortOrder>2</ror:sortOrder>
     <ror:resourceOf>sitemap</ror:resourceOf>
</item>
<item>
     <link>http://explore.mountainlegacy.ca/captures/36/comparisons</link>
     <title>MLP Explore | Capture | B0002291</title>
     <description>MLP Explore | Capture | B0002291</description>
     <ror:updatePeriod></ror:updatePeriod>
     <ror:sortOrder>2</ror:sortOrder>
     <ror:resourceOf>sitemap</ror:resourceOf>
</item>
<item>
     <link>http://explore.mountainlegacy.ca/captures/59/comparisons</link>
     <title>MLP Explore | Capture | B0002287</title>
     <description>MLP Explore | Capture | B0002287</description>
     <ror:updatePeriod></ror:updatePeriod>
     <ror:sortOrder>2</ror:sortOrder>
     <ror:resourceOf>sitemap</ror:resourceOf>
</item>
<item>
     <link>http://explore.mountainlegacy.ca/captures/58/comparisons</link>
     <title>MLP Explore | Capture | B0002294</title>
     <description>MLP Explore | Capture | B0002294</description>
     <ror:updatePeriod></ror:updatePeriod>
     <ror:sortOrder>2</ror:sortOrder>
     <ror:resourceOf>sitemap</ror:resourceOf>
</item>
<item>
     <link>http://explore.mountainlegacy.ca/captures/24/comparisons</link>
     <title>MLP Explore | Capture | B0002292</title>
     <description>MLP Explore | Capture | B0002292</description>
     <ror:updatePeriod></ror:updatePeriod>
     <ror:sortOrder>2</ror:sortOrder>
     <ror:resourceOf>sitemap</ror:resourceOf>
</item>
<item>
     <link>http://explore.mountainlegacy.ca/captures/32/comparisons</link>
     <title>MLP Explore | Capture | B0002299</title>
     <description>MLP Explore | Capture | B0002299</description>
     <ror:updatePeriod></ror:updatePeriod>
     <ror:sortOrder>2</ror:sortOrder>
     <ror:resourceOf>sitemap</ror:resourceOf>
</item>
<item>
     <link>http://explore.mountainlegacy.ca/captures/26/comparisons</link>
     <title>MLP Explore | Capture | B0002301</title>
     <description>MLP Explore | Capture | B0002301</description>
     <ror:updatePeriod></ror:updatePeriod>
     <ror:sortOrder>2</ror:sortOrder>
     <ror:resourceOf>sitemap</ror:resourceOf>
</item>
<item>
     <link>http://explore.mountainlegacy.ca/captures/30/comparisons</link>
     <title>MLP Explore | Capture | B0002296</title>
     <description>MLP Explore | Capture | B0002296</description>
     <ror:updatePeriod></ror:updatePeriod>
     <ror:sortOrder>2</ror:sortOrder>
     <ror:resourceOf>sitemap</ror:resourceOf>
</item>
<item>
     <link>http://explore.mountainlegacy.ca/captures/18/comparisons</link>
     <title>MLP Explore | Capture | B0002286</title>
     <description>MLP Explore | Capture | B0002286</description>
     <ror:updatePeriod></ror:updatePeriod>
     <ror:sortOrder>2</ror:sortOrder>
     <ror:resourceOf>sitemap</ror:resourceOf>
</item>
<item>
     <link>http://explore.mountainlegacy.ca/captures/22/comparisons</link>
     <title>MLP Explore | Capture | B0002300</title>
     <description>MLP Explore | Capture | B0002300</description>
     <ror:updatePeriod></ror:updatePeriod>
     <ror:sortOrder>2</ror:sortOrder>
     <ror:resourceOf>sitemap</ror:resourceOf>
</item>
<item>
     <link>http://explore.mountainlegacy.ca/captures/34/comparisons</link>
     <title>MLP Explore | Capture | B0002295</title>
     <description>MLP Explore | Capture | B0002295</description>
     <ror:updatePeriod></ror:updatePeriod>
     <ror:sortOrder>2</ror:sortOrder>
     <ror:resourceOf>sitemap</ror:resourceOf>
</item>
<item>
     <link>http://explore.mountainlegacy.ca/historic_visits/3</link>
     <title>MLP Explore | Historic Visit | Historic</title>
     <description>MLP Explore | Historic Visit | Historic</description>
     <ror:updatePeriod></ror:updatePeriod>
     <ror:sortOrder>3</ror:sortOrder>
     <ror:resourceOf>sitemap</ror:resourceOf>
</item>
<item>
     <link>http://explore.mountainlegacy.ca/historic_captures/34/comparisons</link>
     <title>MLP Explore | Historic Capture | BRI1927_B27-420-100</title>
     <description>MLP Explore | Historic Capture | BRI1927_B27-420-100</description>
     <ror:updatePeriod></ror:updatePeriod>
     <ror:sortOrder>3</ror:sortOrder>
     <ror:resourceOf>sitemap</ror:resourceOf>
</item>
<item>
     <link>http://explore.mountainlegacy.ca/historic_captures/30/comparisons</link>
     <title>MLP Explore | Historic Capture | BRI1927_B27-420-101</title>
     <description>MLP Explore | Historic Capture | BRI1927_B27-420-101</description>
     <ror:updatePeriod></ror:updatePeriod>
     <ror:sortOrder>3</ror:sortOrder>
     <ror:resourceOf>sitemap</ror:resourceOf>
</item>
<item>
     <link>http://explore.mountainlegacy.ca/historic_captures/33/comparisons</link>
     <title>MLP Explore | Historic Capture | BRI1927_B27-420-90</title>
     <description>MLP Explore | Historic Capture | BRI1927_B27-420-90</description>
     <ror:updatePeriod></ror:updatePeriod>
     <ror:sortOrder>3</ror:sortOrder>
     <ror:resourceOf>sitemap</ror:resourceOf>
</item>
<item>
     <link>http://explore.mountainlegacy.ca/historic_captures/26/comparisons</link>
     <title>MLP Explore | Historic Capture | BRI1927_B27-420-91</title>
     <description>MLP Explore | Historic Capture | BRI1927_B27-420-91</description>
     <ror:updatePeriod></ror:updatePeriod>
     <ror:sortOrder>3</ror:sortOrder>
     <ror:resourceOf>sitemap</ror:resourceOf>
</item>
<item>
     <link>http://explore.mountainlegacy.ca/historic_captures/27/comparisons</link>
     <title>MLP Explore | Historic Capture | BRI1927_B27-420-92</title>
     <description>MLP Explore | Historic Capture | BRI1927_B27-420-92</description>
     <ror:updatePeriod></ror:updatePeriod>
     <ror:sortOrder>3</ror:sortOrder>
     <ror:resourceOf>sitemap</ror:resourceOf>
</item>
<item>
     <link>http://explore.mountainlegacy.ca/historic_captures/11654/comparisons</link>
     <title>MLP Explore | Historic Capture | BRI1927_B27-420-93</title>
     <description>MLP Explore | Historic Capture | BRI1927_B27-420-93</description>
     <ror:updatePeriod></ror:updatePeriod>
     <ror:sortOrder>3</ror:sortOrder>
     <ror:resourceOf>sitemap</ror:resourceOf>
</item>
<item>
     <link>http://explore.mountainlegacy.ca/historic_captures/11655/comparisons</link>
     <title>MLP Explore | Historic Capture | BRI1927_B27-420-94</title>
     <description>MLP Explore | Historic Capture | BRI1927_B27-420-94</description>
     <ror:updatePeriod></ror:updatePeriod>
     <ror:sortOrder>3</ror:sortOrder>
     <ror:resourceOf>sitemap</ror:resourceOf>
</item>
<item>
     <link>http://explore.mountainlegacy.ca/historic_captures/31/comparisons</link>
     <title>MLP Explore | Historic Capture | BRI1927_B27-420-95</title>
     <description>MLP Explore | Historic Capture | BRI1927_B27-420-95</description>
     <ror:updatePeriod></ror:updatePeriod>
     <ror:sortOrder>3</ror:sortOrder>
     <ror:resourceOf>sitemap</ror:resourceOf>
</item>
<item>
     <link>http://explore.mountainlegacy.ca/historic_captures/32/comparisons</link>
     <title>MLP Explore | Historic Capture | BRI1927_B27-420-96</title>
     <description>MLP Explore | Historic Capture | BRI1927_B27-420-96</description>
     <ror:updatePeriod></ror:updatePeriod>
     <ror:sortOrder>3</ror:sortOrder>
     <ror:resourceOf>sitemap</ror:resourceOf>
</item>
<item>
     <link>http://explore.mountainlegacy.ca/historic_captures/11656/comparisons</link>
     <title>MLP Explore | Historic Capture | BRI1927_B27-420-97</title>
     <description>MLP Explore | Historic Capture | BRI1927_B27-420-97</description>
     <ror:updatePeriod></ror:updatePeriod>
     <ror:sortOrder>3</ror:sortOrder>
     <ror:resourceOf>sitemap</ror:resourceOf>
</item>
<item>
     <link>http://explore.mountainlegacy.ca/historic_captures/28/comparisons</link>
     <title>MLP Explore | Historic Capture | BRI1927_B27-420-98</title>
     <description>MLP Explore | Historic Capture | BRI1927_B27-420-98</description>
     <ror:updatePeriod></ror:updatePeriod>
     <ror:sortOrder>3</ror:sortOrder>
     <ror:resourceOf>sitemap</ror:resourceOf>
</item>
<item>
     <link>http://explore.mountainlegacy.ca/historic_captures/11657/comparisons</link>
     <title>MLP Explore | Historic Capture | BRI1927_B27-420-99</title>
     <description>MLP Explore | Historic Capture | BRI1927_B27-420-99</description>
     <ror:updatePeriod></ror:updatePeriod>
     <ror:sortOrder>3</ror:sortOrder>
     <ror:resourceOf>sitemap</ror:resourceOf>
</item>
<item>
     <link>http://explore.mountainlegacy.ca/visits/1175</link>
     <title>MLP Explore | Visit | 2016-06-29</title>
     <description>MLP Explore | Visit | 2016-06-29</description>
     <ror:updatePeriod></ror:updatePeriod>
     <ror:sortOrder>3</ror:sortOrder>
     <ror:resourceOf>sitemap</ror:resourceOf>
</item>
<item>
     <link>http://explore.mountainlegacy.ca/visits/2</link>
     <title>MLP Explore | Visit | 2008-07-31</title>
     <description>MLP Explore | Visit | 2008-07-31</description>
     <ror:updatePeriod></ror:updatePeriod>
     <ror:sortOrder>3</ror:sortOrder>
     <ror:resourceOf>sitemap</ror:resourceOf>
</item>
</channel>
</rss>
  